LAD18CD,LAD18NM,LAU118CD,LAU118NM,NUTS318CD,NUTS318NM,NUTS218CD,NUTS218NM,NUTS118CD,NUTS118NM,FID
E09000023,Lewisham,E09000023,Lewisham,UKI44,Lewisham and Southwark,UKI4,Inner London - East,UKI,London,1
E09000028,Southwark,E09000028,Southwark,UKI44,Lewisham and Southwark,UKI4,Inner London - East,UKI,London,2
E09000022,Lambeth,E09000022,Lambeth,UKI45,Lambeth,UKI4,Inner London - East,UKI,London,3
E09000004,Bexley,E09000004,Bexley,UKI51,Bexley and Greenwich,UKI5,Outer London - East and North East,UKI,London,4
E09000011,Greenwich,E09000011,Greenwich,UKI51,Bexley and Greenwich,UKI5,Outer London - East and North East,UKI,London,5
E09000016,Havering,E09000016,Havering,UKI52,Barking & Dagenham and Havering,UKI5,Outer London - East and North East,UKI,London,6
E09000002,Barking and Dagenham,E09000002,Barking and Dagenham,UKI52,Barking & Dagenham and Havering,UKI5,Outer London - East and North East,UKI,London,7
E09000026,Redbridge,E09000026,Redbridge,UKI53,Redbridge and Waltham Forest,UKI5,Outer London - East and North East,UKI,London,8
E09000031,Waltham Forest,E09000031,Waltham Forest,UKI53,Redbridge and Waltham Forest,UKI5,Outer London - East and North East,UKI,London,9
E09000010,Enfield,E09000010,Enfield,UKI54,Enfield,UKI5,Outer London - East and North East,UKI,London,10
E09000006,Bromley,E09000006,Bromley,UKI61,Bromley,UKI6,Outer London - South,UKI,London,11
E09000008,Croydon,E09000008,Croydon,UKI62,Croydon,UKI6,Outer London - South,UKI,London,12
E09000024,Merton,E09000024,Merton,UKI63,"Merton, Kingston upon Thames and Sutton",UKI6,Outer London - South,UKI,London,13
E09000029,Sutton,E09000029,Sutton,UKI63,"Merton, Kingston upon Thames and Sutton",UKI6,Outer London - South,UKI,London,14
E09000021,Kingston upon Thames,E09000021,Kingston upon Thames,UKI63,"Merton, Kingston upon Thames and Sutton",UKI6,Outer London - South,UKI,London,15
E09000003,Barnet,E09000003,Barnet,UKI71,Barnet,UKI7,Outer London - West and North West,UKI,London,16
E09000005,Brent,E09000005,Brent,UKI72,Brent,UKI7,Outer London - West and North West,UKI,London,17
E09000009,Ealing,E09000009,Ealing,UKI73,Ealing,UKI7,Outer London - West and North West,UKI,London,18
E09000015,Harrow,E09000015,Harrow,UKI74,Harrow and Hillingdon,UKI7,Outer London - West and North West,UKI,London,19
E09000017,Hillingdon,E09000017,Hillingdon,UKI74,Harrow and Hillingdon,UKI7,Outer London - West and North West,UKI,London,20
E09000018,Hounslow,E09000018,Hounslow,UKI75,Hounslow and Richmond upon Thames,UKI7,Outer London - West and North West,UKI,London,21
E09000027,Richmond upon Thames,E09000027,Richmond upon Thames,UKI75,Hounslow and Richmond upon Thames,UKI7,Outer London - West and North West,UKI,London,22
E06000039,Slough,E06000039,Slough,UKJ11,Berkshire,UKJ1,"Berkshire, Buckinghamshire and Oxfordshire",UKJ,South East (England),23
E06000038,Reading,E06000038,Reading,UKJ11,Berkshire,UKJ1,"Berkshire, Buckinghamshire and Oxfordshire",UKJ,South East (England),24
E06000041,Wokingham,E06000041,Wokingham,UKJ11,Berkshire,UKJ1,"Berkshire, Buckinghamshire and Oxfordshire",UKJ,South East (England),25
E06000037,West Berkshire,E06000037,West Berkshire,UKJ11,Berkshire,UKJ1,"Berkshire, Buckinghamshire and Oxfordshire",UKJ,South East (England),26
E06000036,Bracknell Forest,E06000036,Bracknell Forest,UKJ11,Berkshire,UKJ1,"Berkshire, Buckinghamshire and Oxfordshire",UKJ,South East (England),27
E06000040,Windsor and Maidenhead,E06000040,Windsor and Maidenhead,UKJ11,Berkshire,UKJ1,"Berkshire, Buckinghamshire and Oxfordshire",UKJ,South East (England),28
E06000042,Milton Keynes,E06000042,Milton Keynes,UKJ12,Milton Keynes,UKJ1,"Berkshire, Buckinghamshire and Oxfordshire",UKJ,South East (England),29
E07000007,Wycombe,E07000007,Wycombe,UKJ13,Buckinghamshire CC,UKJ1,"Berkshire, Buckinghamshire and Oxfordshire",UKJ,South East (England),30
E07000155,South Northamptonshire,E07000155,South Northamptonshire,UKF24,West Northamptonshire,UKF2,"Leicestershire, Rutland and Northamptonshire",UKF,East Midlands (England),31
E07000005,Chiltern,E07000005,Chiltern,UKJ13,Buckinghamshire CC,UKJ1,"Berkshire, Buckinghamshire and Oxfordshire",UKJ,South East (England),32
E07000006,South Bucks,E07000006,South Bucks,UKJ13,Buckinghamshire CC,UKJ1,"Berkshire, Buckinghamshire and Oxfordshire",UKJ,South East (England),33
E07000004,Aylesbury Vale,E07000004,Aylesbury Vale,UKJ13,Buckinghamshire CC,UKJ1,"Berkshire, Buckinghamshire and Oxfordshire",UKJ,South East (England),34
E07000178,Oxford,E07000178,Oxford,UKJ14,Oxfordshire,UKJ1,"Berkshire, Buckinghamshire and Oxfordshire",UKJ,South East (England),35
E07000177,Cherwell,E07000177,Cherwell,UKJ14,Oxfordshire,UKJ1,"Berkshire, Buckinghamshire and Oxfordshire",UKJ,South East (England),36
E07000181,West Oxfordshire,E07000181,West Oxfordshire,UKJ14,Oxfordshire,UKJ1,"Berkshire, Buckinghamshire and Oxfordshire",UKJ,South East (England),37
E07000179,South Oxfordshire,E07000179,South Oxfordshire,UKJ14,Oxfordshire,UKJ1,"Berkshire, Buckinghamshire and Oxfordshire",UKJ,South East (England),38
E07000180,Vale of White Horse,E07000180,Vale of White Horse,UKJ14,Oxfordshire,UKJ1,"Berkshire, Buckinghamshire and Oxfordshire",UKJ,South East (England),39
E06000043,Brighton and Hove,E06000043,Brighton and Hove,UKJ21,Brighton and Hove,UKJ2,"Surrey, East and West Sussex",UKJ,South East (England),40
E07000063,Lewes,E07000063,Lewes,UKJ22,East Sussex CC,UKJ2,"Surrey, East and West Sussex",UKJ,South East (England),41
E07000064,Rother,E07000064,Rother,UKJ22,East Sussex CC,UKJ2,"Surrey, East and West Sussex",UKJ,South East (England),42
E07000065,Wealden,E07000065,Wealden,UKJ22,East Sussex CC,UKJ2,"Surrey, East and West Sussex",UKJ,South East (England),43
E07000062,Hastings,E07000062,Hastings,UKJ22,East Sussex CC,UKJ2,"Surrey, East and West Sussex",UKJ,South East (England),44
E07000061,Eastbourne,E07000061,Eastbourne,UKJ22,East Sussex CC,UKJ2,"Surrey, East and West Sussex",UKJ,South East (England),45
E07000217,Woking,E07000217,Woking,UKJ25,West Surrey,UKJ2,"Surrey, East and West Sussex",UKJ,South East (England),46
E07000216,Waverley,E07000216,Waverley,UKJ25,West Surrey,UKJ2,"Surrey, East and West Sussex",UKJ,South East (England),47
E07000207,Elmbridge,E07000207,Elmbridge,UKJ25,West Surrey,UKJ2,"Surrey, East and West Sussex",UKJ,South East (England),48
E07000209,Guildford,E07000209,Guildford,UKJ25,West Surrey,UKJ2,"Surrey, East and West Sussex",UKJ,South East (England),49
E07000212,Runnymede,E07000212,Runnymede,UKJ25,West Surrey,UKJ2,"Surrey, East and West Sussex",UKJ,South East (England),50
E07000213,Spelthorne,E07000213,Spelthorne,UKJ25,West Surrey,UKJ2,"Surrey, East and West Sussex",UKJ,South East (England),51
E07000150,Corby,E07000150,Corby,UKF25,North Northamptonshire,UKF2,"Leicestershire, Rutland and Northamptonshire",UKF,East Midlands (England),52
E07000153,Kettering,E07000153,Kettering,UKF25,North Northamptonshire,UKF2,"Leicestershire, Rutland and Northamptonshire",UKF,East Midlands (England),53
E07000156,Wellingborough,E07000156,Wellingborough,UKF25,North Northamptonshire,UKF2,"Leicestershire, Rutland and Northamptonshire",UKF,East Midlands (England),54
E07000152,East Northamptonshire,E07000152,East Northamptonshire,UKF25,North Northamptonshire,UKF2,"Leicestershire, Rutland and Northamptonshire",UKF,East Midlands (England),55
E07000136,Boston,E07000136,Boston,UKF30,Lincolnshire,UKF3,Lincolnshire,UKF,East Midlands (England),56
E07000138,Lincoln,E07000138,Lincoln,UKF30,Lincolnshire,UKF3,Lincolnshire,UKF,East Midlands (England),57
E07000137,East Lindsey,E07000137,East Lindsey,UKF30,Lincolnshire,UKF3,Lincolnshire,UKF,East Midlands (England),58
E07000142,West Lindsey,E07000142,West Lindsey,UKF30,Lincolnshire,UKF3,Lincolnshire,UKF,East Midlands (England),59
E07000140,South Holland,E07000140,South Holland,UKF30,Lincolnshire,UKF3,Lincolnshire,UKF,East Midlands (England),60
E07000139,North Kesteven,E07000139,North Kesteven,UKF30,Lincolnshire,UKF3,Lincolnshire,UKF,East Midlands (England),61
E07000141,South Kesteven,E07000141,South Kesteven,UKF30,Lincolnshire,UKF3,Lincolnshire,UKF,East Midlands (England),62
E06000019,"Herefordshire, County of",E06000019,"Herefordshire, County of",UKG11,"Herefordshire, County of",UKG1,"Herefordshire, Worcestershire and Warwickshire",UKG,West Midlands (England),63
E07000236,Redditch,E07000236,Redditch,UKG12,Worcestershire,UKG1,"Herefordshire, Worcestershire and Warwickshire",UKG,West Midlands (England),64
E07000238,Wychavon,E07000238,Wychavon,UKG12,Worcestershire,UKG1,"Herefordshire, Worcestershire and Warwickshire",UKG,West Midlands (England),65
E07000237,Worcester,E07000237,Worcester,UKG12,Worcestershire,UKG1,"Herefordshire, Worcestershire and Warwickshire",UKG,West Midlands (England),66
E07000234,Bromsgrove,E07000234,Bromsgrove,UKG12,Worcestershire,UKG1,"Herefordshire, Worcestershire and Warwickshire",UKG,West Midlands (England),67
E07000239,Wyre Forest,E07000239,Wyre Forest,UKG12,Worcestershire,UKG1,"Herefordshire, Worcestershire and Warwickshire",UKG,West Midlands (England),68
E07000235,Malvern Hills,E07000235,Malvern Hills,UKG12,Worcestershire,UKG1,"Herefordshire, Worcestershire and Warwickshire",UKG,West Midlands (England),69
E07000220,Rugby,E07000220,Rugby,UKG13,Warwickshire,UKG1,"Herefordshire, Worcestershire and Warwickshire",UKG,West Midlands (England),70
E07000222,Warwick,E07000222,Warwick,UKG13,Warwickshire,UKG1,"Herefordshire, Worcestershire and Warwickshire",UKG,West Midlands (England),71
E07000221,Stratford-on-Avon,E07000221,Stratford-on-Avon,UKG13,Warwickshire,UKG1,"Herefordshire, Worcestershire and Warwickshire",UKG,West Midlands (England),72
E07000218,North Warwickshire,E07000218,North Warwickshire,UKG13,Warwickshire,UKG1,"Herefordshire, Worcestershire and Warwickshire",UKG,West Midlands (England),73
E07000219,Nuneaton and Bedworth,E07000219,Nuneaton and Bedworth,UKG13,Warwickshire,UKG1,"Herefordshire, Worcestershire and Warwickshire",UKG,West Midlands (England),74
E06000020,Telford and Wrekin,E06000020,Telford and Wrekin,UKG21,Telford and Wrekin,UKG2,Shropshire and Staffordshire,UKG,West Midlands (England),75
E06000051,Shropshire,E06000051,Shropshire,UKG22,Shropshire CC,UKG2,Shropshire and Staffordshire,UKG,West Midlands (England),76
E06000021,Stoke-on-Trent,E06000021,Stoke-on-Trent,UKG23,Stoke-on-Trent,UKG2,Shropshire and Staffordshire,UKG,West Midlands (England),77
E07000197,Stafford,E07000197,Stafford,UKG24,Staffordshire CC,UKG2,Shropshire and Staffordshire,UKG,West Midlands (England),78
E07000199,Tamworth,E07000199,Tamworth,UKG24,Staffordshire CC,UKG2,Shropshire and Staffordshire,UKG,West Midlands (England),79
E07000194,Lichfield,E07000194,Lichfield,UKG24,Staffordshire CC,UKG2,Shropshire and Staffordshire,UKG,West Midlands (England),80
E07000192,Cannock Chase,E07000192,Cannock Chase,UKG24,Staffordshire CC,UKG2,Shropshire and Staffordshire,UKG,West Midlands (England),81
E07000193,East Staffordshire,E07000193,East Staffordshire,UKG24,Staffordshire CC,UKG2,Shropshire and Staffordshire,UKG,West Midlands (England),82
E07000196,South Staffordshire,E07000196,South Staffordshire,UKG24,Staffordshire CC,UKG2,Shropshire and Staffordshire,UKG,West Midlands (England),83
E07000195,Newcastle-under-Lyme,E07000195,Newcastle-under-Lyme,UKG24,Staffordshire CC,UKG2,Shropshire and Staffordshire,UKG,West Midlands (England),84
E07000198,Staffordshire Moorlands,E07000198,Staffordshire Moorlands,UKG24,Staffordshire CC,UKG2,Shropshire and Staffordshire,UKG,West Midlands (England),85
E08000025,Birmingham,E08000025,Birmingham,UKG31,Birmingham,UKG3,West Midlands,UKG,West Midlands (England),86
E08000029,Solihull,E08000029,Solihull,UKG32,Solihull,UKG3,West Midlands,UKG,West Midlands (England),87
E08000026,Coventry,E08000026,Coventry,UKG33,Coventry,UKG3,West Midlands,UKG,West Midlands (England),88
E08000027,Dudley,E08000027,Dudley,UKG36,Dudley,UKG3,West Midlands,UKG,West Midlands (England),89
E08000028,Sandwell,E08000028,Sandwell,UKG37,Sandwell,UKG3,West Midlands,UKG,West Midlands (England),90
E08000030,Walsall,E08000030,Walsall,UKG38,Walsall,UKG3,West Midlands,UKG,West Midlands (England),91
E08000031,Wolverhampton,E08000031,Wolverhampton,UKG39,Wolverhampton,UKG3,West Midlands,UKG,West Midlands (England),92
E06000031,Peterborough,E06000031,Peterborough,UKH11,Peterborough,UKH1,East Anglia,UKH,East of England,93
E07000010,Fenland,E07000010,Fenland,UKH12,Cambridgeshire CC,UKH1,East Anglia,UKH,East of England,94
E07000008,Cambridge,E07000008,Cambridge,UKH12,Cambridgeshire CC,UKH1,East Anglia,UKH,East of England,95
E07000011,Huntingdonshire,E07000011,Huntingdonshire,UKH12,Cambridgeshire CC,UKH1,East Anglia,UKH,East of England,96
E07000009,East Cambridgeshire,E07000009,East Cambridgeshire,UKH12,Cambridgeshire CC,UKH1,East Anglia,UKH,East of England,97
E07000012,South Cambridgeshire,E07000012,South Cambridgeshire,UKH12,Cambridgeshire CC,UKH1,East Anglia,UKH,East of England,98
E07000200,Babergh,E07000200,Babergh,UKH14,Suffolk,UKH1,East Anglia,UKH,East of England,99
E07000202,Ipswich,E07000202,Ipswich,UKH14,Suffolk,UKH1,East Anglia,UKH,East of England,100
E07000214,Surrey Heath,E07000214,Surrey Heath,UKJ25,West Surrey,UKJ2,"Surrey, East and West Sussex",UKJ,South East (England),101
E07000215,Tandridge,E07000215,Tandridge,UKJ26,East Surrey,UKJ2,"Surrey, East and West Sussex",UKJ,South East (England),102
E07000210,Mole Valley,E07000210,Mole Valley,UKJ26,East Surrey,UKJ2,"Surrey, East and West Sussex",UKJ,South East (England),103
E07000208,Epsom and Ewell,E07000208,Epsom and Ewell,UKJ26,East Surrey,UKJ2,"Surrey, East and West Sussex",UKJ,South East (England),104
E07000211,Reigate and Banstead,E07000211,Reigate and Banstead,UKJ26,East Surrey,UKJ2,"Surrey, East and West Sussex",UKJ,South East (England),105
E07000223,Adur,E07000223,Adur,UKJ27,West Sussex (South West),UKJ2,"Surrey, East and West Sussex",UKJ,South East (England),106
E07000224,Arun,E07000224,Arun,UKJ27,West Sussex (South West),UKJ2,"Surrey, East and West Sussex",UKJ,South East (England),107
E07000229,Worthing,E07000229,Worthing,UKJ27,West Sussex (South West),UKJ2,"Surrey, East and West Sussex",UKJ,South East (England),108
E07000225,Chichester,E07000225,Chichester,UKJ27,West Sussex (South West),UKJ2,"Surrey, East and West Sussex",UKJ,South East (England),109
E07000226,Crawley,E07000226,Crawley,UKJ28,West Sussex (North East),UKJ2,"Surrey, East and West Sussex",UKJ,South East (England),110
E07000227,Horsham,E07000227,Horsham,UKJ28,West Sussex (North East),UKJ2,"Surrey, East and West Sussex",UKJ,South East (England),111
E07000228,Mid Sussex,E07000228,Mid Sussex,UKJ28,West Sussex (North East),UKJ2,"Surrey, East and West Sussex",UKJ,South East (England),112
E06000044,Portsmouth,E06000044,Portsmouth,UKJ31,Portsmouth,UKJ3,Hampshire and Isle of Wight,UKJ,South East (England),113
E06000045,Southampton,E06000045,Southampton,UKJ32,Southampton,UKJ3,Hampshire and Isle of Wight,UKJ,South East (England),114
E06000001,Hartlepool,E06000001,Hartlepool,UKC11,Hartlepool and Stockton-on-Tees,UKC1,Tees Valley and Durham,UKC,North East (England),115
E06000046,Isle of Wight,E06000046,Isle of Wight,UKJ34,Isle of Wight,UKJ3,Hampshire and Isle of Wight,UKJ,South East (England),116
E07000090,Havant,E07000090,Havant,UKJ35,South Hampshire,UKJ3,Hampshire and Isle of Wight,UKJ,South East (England),117
E07000087,Fareham,E07000087,Fareham,UKJ35,South Hampshire,UKJ3,Hampshire and Isle of Wight,UKJ,South East (England),118
E07000088,Gosport,E07000088,Gosport,UKJ35,South Hampshire,UKJ3,Hampshire and Isle of Wight,UKJ,South East (England),119
E07000086,Eastleigh,E07000086,Eastleigh,UKJ35,South Hampshire,UKJ3,Hampshire and Isle of Wight,UKJ,South East (England),120
E07000091,New Forest,E07000091,New Forest,UKJ36,Central Hampshire,UKJ3,Hampshire and Isle of Wight,UKJ,South East (England),121
E07000094,Winchester,E07000094,Winchester,UKJ36,Central Hampshire,UKJ3,Hampshire and Isle of Wight,UKJ,South East (England),122
E07000093,Test Valley,E07000093,Test Valley,UKJ36,Central Hampshire,UKJ3,Hampshire and Isle of Wight,UKJ,South East (England),123
E07000085,East Hampshire,E07000085,East Hampshire,UKJ36,Central Hampshire,UKJ3,Hampshire and Isle of Wight,UKJ,South East (England),124
E07000089,Hart,E07000089,Hart,UKJ37,North Hampshire,UKJ3,Hampshire and Isle of Wight,UKJ,South East (England),125
E07000092,Rushmoor,E07000092,Rushmoor,UKJ37,North Hampshire,UKJ3,Hampshire and Isle of Wight,UKJ,South East (England),126
E07000084,Basingstoke and Deane,E07000084,Basingstoke and Deane,UKJ37,North Hampshire,UKJ3,Hampshire and Isle of Wight,UKJ,South East (England),127
E06000035,Medway,E06000035,Medway,UKJ41,Medway,UKJ4,Kent,UKJ,South East (England),128
E07000113,Swale,E07000113,Swale,UKJ43,Kent Thames Gateway,UKJ4,Kent,UKJ,South East (England),129
E07000107,Dartford,E07000107,Dartford,UKJ43,Kent Thames Gateway,UKJ4,Kent,UKJ,South East (England),130
E07000109,Gravesham,E07000109,Gravesham,UKJ43,Kent Thames Gateway,UKJ4,Kent,UKJ,South East (England),131
E07000108,Dover,E07000108,Dover,UKJ44,East Kent,UKJ4,Kent,UKJ,South East (England),132
E07000114,Thanet,E07000114,Thanet,UKJ44,East Kent,UKJ4,Kent,UKJ,South East (England),133
E07000106,Canterbury,E07000106,Canterbury,UKJ44,East Kent,UKJ4,Kent,UKJ,South East (England),134
E07000112,Folkestone and Hythe,E07000112,Folkestone and Hythe,UKJ44,East Kent,UKJ4,Kent,UKJ,South East (England),135
E07000105,Ashford,E07000105,Ashford,UKJ45,Mid Kent,UKJ4,Kent,UKJ,South East (England),136
E07000110,Maidstone,E07000110,Maidstone,UKJ45,Mid Kent,UKJ4,Kent,UKJ,South East (England),137
E07000111,Sevenoaks,E07000111,Sevenoaks,UKJ46,West Kent,UKJ4,Kent,UKJ,South East (England),138
E07000116,Tunbridge Wells,E07000116,Tunbridge Wells,UKJ46,West Kent,UKJ4,Kent,UKJ,South East (England),139
E07000115,Tonbridge and Malling,E07000115,Tonbridge and Malling,UKJ46,West Kent,UKJ4,Kent,UKJ,South East (England),140
E06000023,"Bristol, City of",E06000023,"Bristol, City of",UKK11,"Bristol, City of",UKK1,"Gloucestershire, Wiltshire and Bath/Bristol area",UKK,South West (England),141
E06000024,North Somerset,E06000024,North Somerset,UKK12,"Bath and North East Somerset, North Somerset and South Gloucestershire",UKK1,"Gloucestershire, Wiltshire and Bath/Bristol area",UKK,South West (England),142
E06000025,South Gloucestershire,E06000025,South Gloucestershire,UKK12,"Bath and North East Somerset, North Somerset and South Gloucestershire",UKK1,"Gloucestershire, Wiltshire and Bath/Bristol area",UKK,South West (England),143
E06000022,Bath and North East Somerset,E06000022,Bath and North East Somerset,UKK12,"Bath and North East Somerset, North Somerset and South Gloucestershire",UKK1,"Gloucestershire, Wiltshire and Bath/Bristol area",UKK,South West (England),144
E07000082,Stroud,E07000082,Stroud,UKK13,Gloucestershire,UKK1,"Gloucestershire, Wiltshire and Bath/Bristol area",UKK,South West (England),145
E07000079,Cotswold,E07000079,Cotswold,UKK13,Gloucestershire,UKK1,"Gloucestershire, Wiltshire and Bath/Bristol area",UKK,South West (England),146
E07000078,Cheltenham,E07000078,Cheltenham,UKK13,Gloucestershire,UKK1,"Gloucestershire, Wiltshire and Bath/Bristol area",UKK,South West (England),147
E07000081,Gloucester,E07000081,Gloucester,UKK13,Gloucestershire,UKK1,"Gloucestershire, Wiltshire and Bath/Bristol area",UKK,South West (England),148
E07000083,Tewkesbury,E07000083,Tewkesbury,UKK13,Gloucestershire,UKK1,"Gloucestershire, Wiltshire and Bath/Bristol area",UKK,South West (England),149
E07000080,Forest of Dean,E07000080,Forest of Dean,UKK13,Gloucestershire,UKK1,"Gloucestershire, Wiltshire and Bath/Bristol area",UKK,South West (England),150
E06000030,Swindon,E06000030,Swindon,UKK14,Swindon,UKK1,"Gloucestershire, Wiltshire and Bath/Bristol area",UKK,South West (England),151
E06000004,Stockton-on-Tees,E06000004,Stockton-on-Tees,UKC11,Hartlepool and Stockton-on-Tees,UKC1,Tees Valley and Durham,UKC,North East (England),152
E06000002,Middlesbrough,E06000002,Middlesbrough,UKC12,South Teesside,UKC1,Tees Valley and Durham,UKC,North East (England),153
E06000003,Redcar and Cleveland,E06000003,Redcar and Cleveland,UKC12,South Teesside,UKC1,Tees Valley and Durham,UKC,North East (England),154
E06000005,Darlington,E06000005,Darlington,UKC13,Darlington,UKC1,Tees Valley and Durham,UKC,North East (England),155
E06000047,County Durham,E06000047,County Durham,UKC14,Durham CC,UKC1,Tees Valley and Durham,UKC,North East (England),156
E06000057,Northumberland,E06000057,Northumberland,UKC21,Northumberland,UKC2,Northumberland and Tyne and Wear,UKC,North East (England),157
E08000037,Gateshead,E08000037,Gateshead,UKC22,Tyneside,UKC2,Northumberland and Tyne and Wear,UKC,North East (England),158
E08000022,North Tyneside,E08000022,North Tyneside,UKC22,Tyneside,UKC2,Northumberland and Tyne and Wear,UKC,North East (England),159
E08000023,South Tyneside,E08000023,South Tyneside,UKC22,Tyneside,UKC2,Northumberland and Tyne and Wear,UKC,North East (England),160
E08000021,Newcastle upon Tyne,E08000021,Newcastle upon Tyne,UKC22,Tyneside,UKC2,Northumberland and Tyne and Wear,UKC,North East (England),161
E08000024,Sunderland,E08000024,Sunderland,UKC23,Sunderland,UKC2,Northumberland and Tyne and Wear,UKC,North East (England),162
E07000029,Copeland,E07000029,Copeland,UKD11,West Cumbria,UKD1,Cumbria,UKD,North West (England),163
E07000026,Allerdale,E07000026,Allerdale,UKD11,West Cumbria,UKD1,Cumbria,UKD,North West (England),164
E07000027,Barrow-in-Furness,E07000027,Barrow-in-Furness,UKD11,West Cumbria,UKD1,Cumbria,UKD,North West (England),165
E07000030,Eden,E07000030,Eden,UKD12,East Cumbria,UKD1,Cumbria,UKD,North West (England),166
E07000028,Carlisle,E07000028,Carlisle,UKD12,East Cumbria,UKD1,Cumbria,UKD,North West (England),167
E07000031,South Lakeland,E07000031,South Lakeland,UKD12,East Cumbria,UKD1,Cumbria,UKD,North West (England),168
E08000003,Manchester,E08000003,Manchester,UKD33,Manchester,UKD3,Greater Manchester,UKD,North West (England),169
E08000006,Salford,E08000006,Salford,UKD34,Greater Manchester South West,UKD3,Greater Manchester,UKD,North West (England),170
E08000009,Trafford,E08000009,Trafford,UKD34,Greater Manchester South West,UKD3,Greater Manchester,UKD,North West (England),171
E08000008,Tameside,E08000008,Tameside,UKD35,Greater Manchester South East,UKD3,Greater Manchester,UKD,North West (England),172
E08000007,Stockport,E08000007,Stockport,UKD35,Greater Manchester South East,UKD3,Greater Manchester,UKD,North West (England),173
E08000010,Wigan,E08000010,Wigan,UKD36,Greater Manchester North West,UKD3,Greater Manchester,UKD,North West (England),174
E08000001,Bolton,E08000001,Bolton,UKD36,Greater Manchester North West,UKD3,Greater Manchester,UKD,North West (England),175
E08000002,Bury,E08000002,Bury,UKD37,Greater Manchester North East,UKD3,Greater Manchester,UKD,North West (England),176
E08000004,Oldham,E08000004,Oldham,UKD37,Greater Manchester North East,UKD3,Greater Manchester,UKD,North West (England),177
E08000005,Rochdale,E08000005,Rochdale,UKD37,Greater Manchester North East,UKD3,Greater Manchester,UKD,North West (England),178
E06000008,Blackburn with Darwen,E06000008,Blackburn with Darwen,UKD41,Blackburn with Darwen,UKD4,Lancashire,UKD,North West (England),179
E06000009,Blackpool,E06000009,Blackpool,UKD42,Blackpool,UKD4,Lancashire,UKD,North West (England),180
E07000128,Wyre,E07000128,Wyre,UKD44,Lancaster and Wyre,UKD4,Lancashire,UKD,North West (England),181
E07000121,Lancaster,E07000121,Lancaster,UKD44,Lancaster and Wyre,UKD4,Lancashire,UKD,North West (England),182
E07000119,Fylde,E07000119,Fylde,UKD45,Mid Lancashire,UKD4,Lancashire,UKD,North West (England),183
E07000123,Preston,E07000123,Preston,UKD45,Mid Lancashire,UKD4,Lancashire,UKD,North West (England),184
E07000126,South Ribble,E07000126,South Ribble,UKD45,Mid Lancashire,UKD4,Lancashire,UKD,North West (England),185
E07000124,Ribble Valley,E07000124,Ribble Valley,UKD45,Mid Lancashire,UKD4,Lancashire,UKD,North West (England),186
E07000122,Pendle,E07000122,Pendle,UKD46,East Lancashire,UKD4,Lancashire,UKD,North West (England),187
E07000117,Burnley,E07000117,Burnley,UKD46,East Lancashire,UKD4,Lancashire,UKD,North West (England),188
E07000120,Hyndburn,E07000120,Hyndburn,UKD46,East Lancashire,UKD4,Lancashire,UKD,North West (England),189
E07000125,Rossendale,E07000125,Rossendale,UKD46,East Lancashire,UKD4,Lancashire,UKD,North West (England),190
E07000118,Chorley,E07000118,Chorley,UKD47,Chorley and West Lancashire,UKD4,Lancashire,UKD,North West (England),191
E07000127,West Lancashire,E07000127,West Lancashire,UKD47,Chorley and West Lancashire,UKD4,Lancashire,UKD,North West (England),192
E06000007,Warrington,E06000007,Warrington,UKD61,Warrington,UKD6,Cheshire,UKD,North West (England),193
E06000049,Cheshire East,E06000049,Cheshire East,UKD62,Cheshire East,UKD6,Cheshire,UKD,North West (England),194
E06000050,Cheshire West and Chester,E06000050,Cheshire West and Chester,UKD63,Cheshire West and Chester,UKD6,Cheshire,UKD,North West (England),195
E06000006,Halton,E06000006,Halton,UKD71,East Merseyside,UKD7,Merseyside,UKD,North West (England),196
E08000011,Knowsley,E08000011,Knowsley,UKD71,East Merseyside,UKD7,Merseyside,UKD,North West (England),197
E08000013,St. Helens,E08000013,St. Helens,UKD71,East Merseyside,UKD7,Merseyside,UKD,North West (England),198
E08000012,Liverpool,E08000012,Liverpool,UKD72,Liverpool,UKD7,Merseyside,UKD,North West (England),199
E08000014,Sefton,E08000014,Sefton,UKD73,Sefton,UKD7,Merseyside,UKD,North West (England),200
E07000206,Waveney,E07000206,Waveney,UKH14,Suffolk,UKH1,East Anglia,UKH,East of England,201
E07000203,Mid Suffolk,E07000203,Mid Suffolk,UKH14,Suffolk,UKH1,East Anglia,UKH,East of England,202
E07000201,Forest Heath,E07000201,Forest Heath,UKH14,Suffolk,UKH1,East Anglia,UKH,East of England,203
E07000204,St Edmundsbury,E07000204,St Edmundsbury,UKH14,Suffolk,UKH1,East Anglia,UKH,East of England,204
E07000205,Suffolk Coastal,E07000205,Suffolk Coastal,UKH14,Suffolk,UKH1,East Anglia,UKH,East of England,205
E07000148,Norwich,E07000148,Norwich,UKH15,Norwich and East Norfolk,UKH1,East Anglia,UKH,East of England,206
E07000144,Broadland,E07000144,Broadland,UKH15,Norwich and East Norfolk,UKH1,East Anglia,UKH,East of England,207
E07000145,Great Yarmouth,E07000145,Great Yarmouth,UKH15,Norwich and East Norfolk,UKH1,East Anglia,UKH,East of England,208
E07000147,North Norfolk,E07000147,North Norfolk,UKH16,North and West Norfolk,UKH1,East Anglia,UKH,East of England,209
E07000146,King's Lynn and West Norfolk,E07000146,King's Lynn and West Norfolk,UKH16,North and West Norfolk,UKH1,East Anglia,UKH,East of England,210
E07000143,Breckland,E07000143,Breckland,UKH17,Breckland and South Norfolk,UKH1,East Anglia,UKH,East of England,211
E07000149,South Norfolk,E07000149,South Norfolk,UKH17,Breckland and South Norfolk,UKH1,East Anglia,UKH,East of England,212
E06000032,Luton,E06000032,Luton,UKH21,Luton,UKH2,Bedfordshire and Hertfordshire,UKH,East of England,213
E07000096,Dacorum,E07000096,Dacorum,UKH23,Hertfordshire,UKH2,Bedfordshire and Hertfordshire,UKH,East of England,214
E07000103,Watford,E07000103,Watford,UKH23,Hertfordshire,UKH2,Bedfordshire and Hertfordshire,UKH,East of England,215
E07000098,Hertsmere,E07000098,Hertsmere,UKH23,Hertfordshire,UKH2,Bedfordshire and Hertfordshire,UKH,East of England,216
E07000240,St Albans,E07000240,St Albans,UKH23,Hertfordshire,UKH2,Bedfordshire and Hertfordshire,UKH,East of England,217
E07000243,Stevenage,E07000243,Stevenage,UKH23,Hertfordshire,UKH2,Bedfordshire and Hertfordshire,UKH,East of England,218
E07000095,Broxbourne,E07000095,Broxbourne,UKH23,Hertfordshire,UKH2,Bedfordshire and Hertfordshire,UKH,East of England,219
E07000102,Three Rivers,E07000102,Three Rivers,UKH23,Hertfordshire,UKH2,Bedfordshire and Hertfordshire,UKH,East of England,220
E07000241,Welwyn Hatfield,E07000241,Welwyn Hatfield,UKH23,Hertfordshire,UKH2,Bedfordshire and Hertfordshire,UKH,East of England,221
E07000242,East Hertfordshire,E07000242,East Hertfordshire,UKH23,Hertfordshire,UKH2,Bedfordshire and Hertfordshire,UKH,East of England,222
E07000099,North Hertfordshire,E07000099,North Hertfordshire,UKH23,Hertfordshire,UKH2,Bedfordshire and Hertfordshire,UKH,East of England,223
E06000055,Bedford,E06000055,Bedford,UKH24,Bedford,UKH2,Bedfordshire and Hertfordshire,UKH,East of England,224
E06000056,Central Bedfordshire,E06000056,Central Bedfordshire,UKH25,Central Bedfordshire,UKH2,Bedfordshire and Hertfordshire,UKH,East of England,225
E06000033,Southend-on-Sea,E06000033,Southend-on-Sea,UKH31,Southend-on-Sea,UKH3,Essex,UKH,East of England,226
E06000034,Thurrock,E06000034,Thurrock,UKH32,Thurrock,UKH3,Essex,UKH,East of England,227
E07000076,Tendring,E07000076,Tendring,UKH34,Essex Haven Gateway,UKH3,Essex,UKH,East of England,228
E07000067,Braintree,E07000067,Braintree,UKH34,Essex Haven Gateway,UKH3,Essex,UKH,East of England,229
E07000071,Colchester,E07000071,Colchester,UKH34,Essex Haven Gateway,UKH3,Essex,UKH,East of England,230
E07000073,Harlow,E07000073,Harlow,UKH35,West Essex,UKH3,Essex,UKH,East of England,231
E07000077,Uttlesford,E07000077,Uttlesford,UKH35,West Essex,UKH3,Essex,UKH,East of England,232
E07000072,Epping Forest,E07000072,Epping Forest,UKH35,West Essex,UKH3,Essex,UKH,East of England,233
E07000074,Maldon,E07000074,Maldon,UKH36,Heart of Essex,UKH3,Essex,UKH,East of England,234
E07000068,Brentwood,E07000068,Brentwood,UKH36,Heart of Essex,UKH3,Essex,UKH,East of England,235
E07000070,Chelmsford,E07000070,Chelmsford,UKH36,Heart of Essex,UKH3,Essex,UKH,East of England,236
E07000066,Basildon,E07000066,Basildon,UKH37,Essex Thames Gateway,UKH3,Essex,UKH,East of England,237
E07000075,Rochford,E07000075,Rochford,UKH37,Essex Thames Gateway,UKH3,Essex,UKH,East of England,238
E07000069,Castle Point,E07000069,Castle Point,UKH37,Essex Thames Gateway,UKH3,Essex,UKH,East of England,239
E09000007,Camden,E09000007,Camden,UKI31,Camden and City of London,UKI3,Inner London - West,UKI,London,240
E09000001,City of London,E09000001,City of London,UKI31,Camden and City of London,UKI3,Inner London - West,UKI,London,241
E09000033,Westminster,E09000033,Westminster,UKI32,Westminster,UKI3,Inner London - West,UKI,London,242
E09000013,Hammersmith and Fulham,E09000013,Hammersmith and Fulham,UKI33,Kensington & Chelsea and Hammersmith & Fulham,UKI3,Inner London - West,UKI,London,243
E09000020,Kensington and Chelsea,E09000020,Kensington and Chelsea,UKI33,Kensington & Chelsea and Hammersmith & Fulham,UKI3,Inner London - West,UKI,London,244
E09000032,Wandsworth,E09000032,Wandsworth,UKI34,Wandsworth,UKI3,Inner London - West,UKI,London,245
E09000025,Newham,E09000025,Newham,UKI41,Hackney and Newham,UKI4,Inner London - East,UKI,London,246
E09000012,Hackney,E09000012,Hackney,UKI41,Hackney and Newham,UKI4,Inner London - East,UKI,London,247
E09000030,Tower Hamlets,E09000030,Tower Hamlets,UKI42,Tower Hamlets,UKI4,Inner London - East,UKI,London,248
E09000014,Haringey,E09000014,Haringey,UKI43,Haringey and Islington,UKI4,Inner London - East,UKI,London,249
E09000019,Islington,E09000019,Islington,UKI43,Haringey and Islington,UKI4,Inner London - East,UKI,London,250
S12000017,Highland,S30000028,Ross and Cromarty,UKM61,Caithness and Sutherland and Ross and Cromarty,UKM6,Highlands and Islands,UKM,Scotland,251
E06000054,Wiltshire,E06000054,Wiltshire,UKK15,Wiltshire,UKK1,"Gloucestershire, Wiltshire and Bath/Bristol area",UKK,South West (England),252
S12000017,Highland,S30000029,Caithness and Sutherland,UKM61,Caithness and Sutherland and Ross and Cromarty,UKM6,Highlands and Islands,UKM,Scotland,253
S12000020,Moray,S30000032,West Moray,UKM62,"Inverness and Nairn and Moray, Badenoch and Strathspey",UKM6,Highlands and Islands,UKM,Scotland,254
S12000020,Moray,S30000033,North East Moray,UKM62,"Inverness and Nairn and Moray, Badenoch and Strathspey",UKM6,Highlands and Islands,UKM,Scotland,255
S12000017,Highland,S30000030,Inverness and Nairn,UKM62,"Inverness and Nairn and Moray, Badenoch and Strathspey",UKM6,Highlands and Islands,UKM,Scotland,256
E06000029,Poole,E06000029,Poole,UKK21,Bournemouth and Poole,UKK2,Dorset and Somerset,UKK,South West (England),257
S12000017,Highland,S30000031,Badenoch and Strathspey,UKM62,"Inverness and Nairn and Moray, Badenoch and Strathspey",UKM6,Highlands and Islands,UKM,Scotland,258
E06000028,Bournemouth,E06000028,Bournemouth,UKK21,Bournemouth and Poole,UKK2,Dorset and Somerset,UKK,South West (England),259
S12000017,Highland,S30000037,Lochaber,UKM63,"Lochaber, Skye and Lochalsh, Arran and Cumbrae and Argyll and Bute",UKM6,Highlands and Islands,UKM,Scotland,260
E07000051,Purbeck,E07000051,Purbeck,UKK22,Dorset CC,UKK2,Dorset and Somerset,UKK,South West (England),261
S12000017,Highland,S30000038,Skye and Lochalsh,UKM63,"Lochaber, Skye and Lochalsh, Arran and Cumbrae and Argyll and Bute",UKM6,Highlands and Islands,UKM,Scotland,262
E07000049,East Dorset,E07000049,East Dorset,UKK22,Dorset CC,UKK2,Dorset and Somerset,UKK,South West (England),263
S12000021,North Ayrshire,S30000034,Arran and Cumbrae,UKM63,"Lochaber, Skye and Lochalsh, Arran and Cumbrae and Argyll and Bute",UKM6,Highlands and Islands,UKM,Scotland,264
E07000052,West Dorset,E07000052,West Dorset,UKK22,Dorset CC,UKK2,Dorset and Somerset,UKK,South West (England),265
S12000035,Argyll and Bute,S30000035,Argyll and Bute Islands,UKM63,"Lochaber, Skye and Lochalsh, Arran and Cumbrae and Argyll and Bute",UKM6,Highlands and Islands,UKM,Scotland,266
E07000048,Christchurch,E07000048,Christchurch,UKK22,Dorset CC,UKK2,Dorset and Somerset,UKK,South West (England),267
S12000035,Argyll and Bute,S30000036,Argyll and Bute Mainland,UKM63,"Lochaber, Skye and Lochalsh, Arran and Cumbrae and Argyll and Bute",UKM6,Highlands and Islands,UKM,Scotland,268
S12000013,Na h-Eileanan Siar,S30000039,Na h-Eileanan Siar,UKM64,Na h-Eileanan Siar,UKM6,Highlands and Islands,UKM,Scotland,269
S12000023,Orkney Islands,S30000040,Orkney Islands,UKM65,Orkney Islands,UKM6,Highlands and Islands,UKM,Scotland,270
S12000027,Shetland Islands,S30000041,Shetland Islands,UKM66,Shetland Islands,UKM6,Highlands and Islands,UKM,Scotland,271
S12000041,Angus,S30000001,Angus,UKM71,Angus and Dundee City,UKM7,Eastern Scotland,UKM,Scotland,272
S12000042,Dundee City,S30000002,Dundee City,UKM71,Angus and Dundee City,UKM7,Eastern Scotland,UKM,Scotland,273
S12000047,Fife,S30000042,Fife,UKM72,Clackmannanshire and Fife,UKM7,Eastern Scotland,UKM,Scotland,274
S12000005,Clackmannanshire,S30000003,Clackmannanshire,UKM72,Clackmannanshire and Fife,UKM7,Eastern Scotland,UKM,Scotland,275
S12000019,Midlothian,S30000006,Midlothian,UKM73,East Lothian and Midlothian,UKM7,Eastern Scotland,UKM,Scotland,276
S12000010,East Lothian,S30000005,East Lothian,UKM73,East Lothian and Midlothian,UKM7,Eastern Scotland,UKM,Scotland,277
S12000036,City of Edinburgh,S30000008,City of Edinburgh,UKM75,City of Edinburgh,UKM7,Eastern Scotland,UKM,Scotland,278
S12000014,Falkirk,S30000009,Falkirk,UKM76,Falkirk,UKM7,Eastern Scotland,UKM,Scotland,279
S12000030,Stirling,S30000011,Stirling,UKM77,Perth and Kinross and Stirling,UKM7,Eastern Scotland,UKM,Scotland,280
S12000048,Perth and Kinross,S30000043,Perth and Kinross,UKM77,Perth and Kinross and Stirling,UKM7,Eastern Scotland,UKM,Scotland,281
S12000040,West Lothian,S30000012,West Lothian,UKM78,West Lothian,UKM7,Eastern Scotland,UKM,Scotland,282
S12000039,West Dunbartonshire,S30000014,West Dunbartonshire,UKM81,"East Dunbartonshire, West Dunbartonshire and Helensburgh and Lomond",UKM8,West Central Scotland,UKM,Scotland,283
S12000045,East Dunbartonshire,S30000015,East Dunbartonshire,UKM81,"East Dunbartonshire, West Dunbartonshire and Helensburgh and Lomond",UKM8,West Central Scotland,UKM,Scotland,284
S12000035,Argyll and Bute,S30000013,Helensburgh and Lomond,UKM81,"East Dunbartonshire, West Dunbartonshire and Helensburgh and Lomond",UKM8,West Central Scotland,UKM,Scotland,285
S12000046,Glasgow City,S30000019,Glasgow City,UKM82,Glasgow City,UKM8,West Central Scotland,UKM,Scotland,286
S12000018,Inverclyde,S30000022,Inverclyde,UKM83,"Inverclyde, East Renfrewshire and Renfrewshire",UKM8,West Central Scotland,UKM,Scotland,287
S12000038,Renfrewshire,S30000021,Renfrewshire,UKM83,"Inverclyde, East Renfrewshire and Renfrewshire",UKM8,West Central Scotland,UKM,Scotland,288
S12000011,East Renfrewshire,S30000020,East Renfrewshire,UKM83,"Inverclyde, East Renfrewshire and Renfrewshire",UKM8,West Central Scotland,UKM,Scotland,289
S12000044,North Lanarkshire,S30000023,North Lanarkshire,UKM84,North Lanarkshire,UKM8,West Central Scotland,UKM,Scotland,290
S12000026,Scottish Borders,S30000007,Scottish Borders,UKM91,Scottish Borders,UKM9,Southern Scotland,UKM,Scotland,291
S12000006,Dumfries and Galloway,S30000016,Dumfries and Galloway,UKM92,Dumfries and Galloway,UKM9,Southern Scotland,UKM,Scotland,292
S12000008,East Ayrshire,S30000017,East Ayrshire,UKM93,East Ayrshire and North Ayrshire mainland,UKM9,Southern Scotland,UKM,Scotland,293
S12000021,North Ayrshire,S30000018,North Ayrshire mainland,UKM93,East Ayrshire and North Ayrshire mainland,UKM9,Southern Scotland,UKM,Scotland,294
S12000028,South Ayrshire,S30000024,South Ayrshire,UKM94,South Ayrshire,UKM9,Southern Scotland,UKM,Scotland,295
S12000029,South Lanarkshire,S30000025,South Lanarkshire,UKM95,South Lanarkshire,UKM9,Southern Scotland,UKM,Scotland,296
N09000003,Belfast,N09000003,Belfast,UKN06,Belfast,UKN0,Northern Ireland,UKN,Northern Ireland,297
N09000002,"Armagh City, Banbridge and Craigavon",N09000002,"Armagh City, Banbridge and Craigavon",UKN07,"Armagh City, Banbridge and Craigavon",UKN0,Northern Ireland,UKN,Northern Ireland,298
N09000010,"Newry, Mourne and Down",N09000010,"Newry, Mourne and Down",UKN08,"Newry, Mourne and Down",UKN0,Northern Ireland,UKN,Northern Ireland,299
N09000011,Ards and North Down,N09000011,Ards and North Down,UKN09,Ards and North Down,UKN0,Northern Ireland,UKN,Northern Ireland,300
N09000005,Derry City and Strabane,N09000005,Derry City and Strabane,UKN10,Derry City and Strabane,UKN0,Northern Ireland,UKN,Northern Ireland,301
N09000009,Mid Ulster,N09000009,Mid Ulster,UKN11,Mid Ulster,UKN0,Northern Ireland,UKN,Northern Ireland,302
N09000004,Causeway Coast and Glens,N09000004,Causeway Coast and Glens,UKN12,Causeway Coast and Glens,UKN0,Northern Ireland,UKN,Northern Ireland,303
N09000001,Antrim and Newtownabbey,N09000001,Antrim and Newtownabbey,UKN13,Antrim and Newtownabbey,UKN0,Northern Ireland,UKN,Northern Ireland,304
N09000007,Lisburn and Castlereagh,N09000007,Lisburn and Castlereagh,UKN14,Lisburn and Castlereagh,UKN0,Northern Ireland,UKN,Northern Ireland,305
N09000008,Mid and East Antrim,N09000008,Mid and East Antrim,UKN15,Mid and East Antrim,UKN0,Northern Ireland,UKN,Northern Ireland,306
N09000006,Fermanagh and Omagh,N09000006,Fermanagh and Omagh,UKN16,Fermanagh and Omagh,UKN0,Northern Ireland,UKN,Northern Ireland,307
E07000050,North Dorset,E07000050,North Dorset,UKK22,Dorset CC,UKK2,Dorset and Somerset,UKK,South West (England),308
E07000053,Weymouth and Portland,E07000053,Weymouth and Portland,UKK22,Dorset CC,UKK2,Dorset and Somerset,UKK,South West (England),309
E07000187,Mendip,E07000187,Mendip,UKK23,Somerset,UKK2,Dorset and Somerset,UKK,South West (England),310
E07000188,Sedgemoor,E07000188,Sedgemoor,UKK23,Somerset,UKK2,Dorset and Somerset,UKK,South West (England),311
E07000190,Taunton Deane,E07000190,Taunton Deane,UKK23,Somerset,UKK2,Dorset and Somerset,UKK,South West (England),312
E07000191,West Somerset,E07000191,West Somerset,UKK23,Somerset,UKK2,Dorset and Somerset,UKK,South West (England),313
E07000189,South Somerset,E07000189,South Somerset,UKK23,Somerset,UKK2,Dorset and Somerset,UKK,South West (England),314
E06000052,Cornwall,E06000052,Cornwall,UKK30,Cornwall and Isles of Scilly,UKK3,Cornwall and Isles of Scilly,UKK,South West (England),315
E06000053,Isles of Scilly,E06000053,Isles of Scilly,UKK30,Cornwall and Isles of Scilly,UKK3,Cornwall and Isles of Scilly,UKK,South West (England),316
E06000026,Plymouth,E06000026,Plymouth,UKK41,Plymouth,UKK4,Devon,UKK,South West (England),317
E06000027,Torbay,E06000027,Torbay,UKK42,Torbay,UKK4,Devon,UKK,South West (England),318
E07000041,Exeter,E07000041,Exeter,UKK43,Devon CC,UKK4,Devon,UKK,South West (England),319
E07000046,Torridge,E07000046,Torridge,UKK43,Devon CC,UKK4,Devon,UKK,South West (England),320
E07000042,Mid Devon,E07000042,Mid Devon,UKK43,Devon CC,UKK4,Devon,UKK,South West (England),321
E07000040,East Devon,E07000040,East Devon,UKK43,Devon CC,UKK4,Devon,UKK,South West (England),322
E07000044,South Hams,E07000044,South Hams,UKK43,Devon CC,UKK4,Devon,UKK,South West (England),323
E07000047,West Devon,E07000047,West Devon,UKK43,Devon CC,UKK4,Devon,UKK,South West (England),324
E07000043,North Devon,E07000043,North Devon,UKK43,Devon CC,UKK4,Devon,UKK,South West (England),325
E07000045,Teignbridge,E07000045,Teignbridge,UKK43,Devon CC,UKK4,Devon,UKK,South West (England),326
W06000001,Isle of Anglesey,W06000001,Isle of Anglesey,UKL11,Isle of Anglesey,UKL1,West Wales and The Valleys,UKL,Wales,327
W06000002,Gwynedd,W06000002,Gwynedd,UKL12,Gwynedd,UKL1,West Wales and The Valleys,UKL,Wales,328
W06000003,Conwy,W06000003,Conwy,UKL13,Conwy and Denbighshire,UKL1,West Wales and The Valleys,UKL,Wales,329
W06000004,Denbighshire,W06000004,Denbighshire,UKL13,Conwy and Denbighshire,UKL1,West Wales and The Valleys,UKL,Wales,330
W06000008,Ceredigion,W06000008,Ceredigion,UKL14,South West Wales,UKL1,West Wales and The Valleys,UKL,Wales,331
W06000009,Pembrokeshire,W06000009,Pembrokeshire,UKL14,South West Wales,UKL1,West Wales and The Valleys,UKL,Wales,332
W06000010,Carmarthenshire,W06000010,Carmarthenshire,UKL14,South West Wales,UKL1,West Wales and The Valleys,UKL,Wales,333
W06000024,Merthyr Tydfil,W06000024,Merthyr Tydfil,UKL15,Central Valleys,UKL1,West Wales and The Valleys,UKL,Wales,334
W06000016,Rhondda Cynon Taf,W06000016,Rhondda Cynon Taf,UKL15,Central Valleys,UKL1,West Wales and The Valleys,UKL,Wales,335
W06000020,Torfaen,W06000020,Torfaen,UKL16,Gwent Valleys,UKL1,West Wales and The Valleys,UKL,Wales,336
W06000018,Caerphilly,W06000018,Caerphilly,UKL16,Gwent Valleys,UKL1,West Wales and The Valleys,UKL,Wales,337
W06000019,Blaenau Gwent,W06000019,Blaenau Gwent,UKL16,Gwent Valleys,UKL1,West Wales and The Valleys,UKL,Wales,338
W06000013,Bridgend,W06000013,Bridgend,UKL17,Bridgend and Neath Port Talbot,UKL1,West Wales and The Valleys,UKL,Wales,339
W06000012,Neath Port Talbot,W06000012,Neath Port Talbot,UKL17,Bridgend and Neath Port Talbot,UKL1,West Wales and The Valleys,UKL,Wales,340
W06000011,Swansea,W06000011,Swansea,UKL18,Swansea,UKL1,West Wales and The Valleys,UKL,Wales,341
W06000022,Newport,W06000022,Newport,UKL21,Monmouthshire and Newport,UKL2,East Wales,UKL,Wales,342
W06000021,Monmouthshire,W06000021,Monmouthshire,UKL21,Monmouthshire and Newport,UKL2,East Wales,UKL,Wales,343
W06000015,Cardiff,W06000015,Cardiff,UKL22,Cardiff and Vale of Glamorgan,UKL2,East Wales,UKL,Wales,344
W06000014,Vale of Glamorgan,W06000014,Vale of Glamorgan,UKL22,Cardiff and Vale of Glamorgan,UKL2,East Wales,UKL,Wales,345
W06000006,Wrexham,W06000006,Wrexham,UKL23,Flintshire and Wrexham,UKL2,East Wales,UKL,Wales,346
W06000005,Flintshire,W06000005,Flintshire,UKL23,Flintshire and Wrexham,UKL2,East Wales,UKL,Wales,347
W06000023,Powys,W06000023,Powys,UKL24,Powys,UKL2,East Wales,UKL,Wales,348
S12000033,Aberdeen City,S30000026,Aberdeen City,UKM50,Aberdeen City and Aberdeenshire,UKM5,North Eastern Scotland,UKM,Scotland,349
S12000034,Aberdeenshire,S30000027,Aberdeenshire,UKM50,Aberdeen City and Aberdeenshire,UKM5,North Eastern Scotland,UKM,Scotland,350
E08000015,Wirral,E08000015,Wirral,UKD74,Wirral,UKD7,Merseyside,UKD,North West (England),351
E06000010,"Kingston upon Hull, City of",E06000010,"Kingston upon Hull, City of",UKE11,"Kingston upon Hull, City of",UKE1,East Yorkshire and Northern Lincolnshire,UKE,Yorkshire and The Humber,352
E06000011,East Riding of Yorkshire,E06000011,East Riding of Yorkshire,UKE12,East Riding of Yorkshire,UKE1,East Yorkshire and Northern Lincolnshire,UKE,Yorkshire and The Humber,353
E06000013,North Lincolnshire,E06000013,North Lincolnshire,UKE13,North and North East Lincolnshire,UKE1,East Yorkshire and Northern Lincolnshire,UKE,Yorkshire and The Humber,354
E06000012,North East Lincolnshire,E06000012,North East Lincolnshire,UKE13,North and North East Lincolnshire,UKE1,East Yorkshire and Northern Lincolnshire,UKE,Yorkshire and The Humber,355
E06000014,York,E06000014,York,UKE21,York,UKE2,North Yorkshire,UKE,Yorkshire and The Humber,356
E07000169,Selby,E07000169,Selby,UKE22,North Yorkshire CC,UKE2,North Yorkshire,UKE,Yorkshire and The Humber,357
E07000163,Craven,E07000163,Craven,UKE22,North Yorkshire CC,UKE2,North Yorkshire,UKE,Yorkshire and The Humber,358
E07000167,Ryedale,E07000167,Ryedale,UKE22,North Yorkshire CC,UKE2,North Yorkshire,UKE,Yorkshire and The Humber,359
E07000164,Hambleton,E07000164,Hambleton,UKE22,North Yorkshire CC,UKE2,North Yorkshire,UKE,Yorkshire and The Humber,360
E07000165,Harrogate,E07000165,Harrogate,UKE22,North Yorkshire CC,UKE2,North Yorkshire,UKE,Yorkshire and The Humber,361
E07000168,Scarborough,E07000168,Scarborough,UKE22,North Yorkshire CC,UKE2,North Yorkshire,UKE,Yorkshire and The Humber,362
E07000166,Richmondshire,E07000166,Richmondshire,UKE22,North Yorkshire CC,UKE2,North Yorkshire,UKE,Yorkshire and The Humber,363
E08000016,Barnsley,E08000016,Barnsley,UKE31,"Barnsley, Doncaster and Rotherham",UKE3,South Yorkshire,UKE,Yorkshire and The Humber,364
E08000017,Doncaster,E08000017,Doncaster,UKE31,"Barnsley, Doncaster and Rotherham",UKE3,South Yorkshire,UKE,Yorkshire and The Humber,365
E08000018,Rotherham,E08000018,Rotherham,UKE31,"Barnsley, Doncaster and Rotherham",UKE3,South Yorkshire,UKE,Yorkshire and The Humber,366
E08000019,Sheffield,E08000019,Sheffield,UKE32,Sheffield,UKE3,South Yorkshire,UKE,Yorkshire and The Humber,367
E08000032,Bradford,E08000032,Bradford,UKE41,Bradford,UKE4,West Yorkshire,UKE,Yorkshire and The Humber,368
E08000035,Leeds,E08000035,Leeds,UKE42,Leeds,UKE4,West Yorkshire,UKE,Yorkshire and The Humber,369
E08000034,Kirklees,E08000034,Kirklees,UKE44,Calderdale and Kirklees,UKE4,West Yorkshire,UKE,Yorkshire and The Humber,370
E08000033,Calderdale,E08000033,Calderdale,UKE44,Calderdale and Kirklees,UKE4,West Yorkshire,UKE,Yorkshire and The Humber,371
E08000036,Wakefield,E08000036,Wakefield,UKE45,Wakefield,UKE4,West Yorkshire,UKE,Yorkshire and The Humber,372
E06000015,Derby,E06000015,Derby,UKF11,Derby,UKF1,Derbyshire and Nottinghamshire,UKF,East Midlands (England),373
E07000033,Bolsover,E07000033,Bolsover,UKF12,East Derbyshire,UKF1,Derbyshire and Nottinghamshire,UKF,East Midlands (England),374
E07000034,Chesterfield,E07000034,Chesterfield,UKF12,East Derbyshire,UKF1,Derbyshire and Nottinghamshire,UKF,East Midlands (England),375
E07000038,North East Derbyshire,E07000038,North East Derbyshire,UKF12,East Derbyshire,UKF1,Derbyshire and Nottinghamshire,UKF,East Midlands (England),376
E07000036,Erewash,E07000036,Erewash,UKF13,South and West Derbyshire,UKF1,Derbyshire and Nottinghamshire,UKF,East Midlands (England),377
E07000037,High Peak,E07000037,High Peak,UKF13,South and West Derbyshire,UKF1,Derbyshire and Nottinghamshire,UKF,East Midlands (England),378
E07000032,Amber Valley,E07000032,Amber Valley,UKF13,South and West Derbyshire,UKF1,Derbyshire and Nottinghamshire,UKF,East Midlands (England),379
E07000035,Derbyshire Dales,E07000035,Derbyshire Dales,UKF13,South and West Derbyshire,UKF1,Derbyshire and Nottinghamshire,UKF,East Midlands (England),380
E07000039,South Derbyshire,E07000039,South Derbyshire,UKF13,South and West Derbyshire,UKF1,Derbyshire and Nottinghamshire,UKF,East Midlands (England),381
E06000018,Nottingham,E06000018,Nottingham,UKF14,Nottingham,UKF1,Derbyshire and Nottinghamshire,UKF,East Midlands (England),382
E07000170,Ashfield,E07000170,Ashfield,UKF15,North Nottinghamshire,UKF1,Derbyshire and Nottinghamshire,UKF,East Midlands (England),383
E07000171,Bassetlaw,E07000171,Bassetlaw,UKF15,North Nottinghamshire,UKF1,Derbyshire and Nottinghamshire,UKF,East Midlands (England),384
E07000174,Mansfield,E07000174,Mansfield,UKF15,North Nottinghamshire,UKF1,Derbyshire and Nottinghamshire,UKF,East Midlands (England),385
E07000175,Newark and Sherwood,E07000175,Newark and Sherwood,UKF15,North Nottinghamshire,UKF1,Derbyshire and Nottinghamshire,UKF,East Midlands (England),386
E07000173,Gedling,E07000173,Gedling,UKF16,South Nottinghamshire,UKF1,Derbyshire and Nottinghamshire,UKF,East Midlands (England),387
E07000172,Broxtowe,E07000172,Broxtowe,UKF16,South Nottinghamshire,UKF1,Derbyshire and Nottinghamshire,UKF,East Midlands (England),388
E07000176,Rushcliffe,E07000176,Rushcliffe,UKF16,South Nottinghamshire,UKF1,Derbyshire and Nottinghamshire,UKF,East Midlands (England),389
E06000016,Leicester,E06000016,Leicester,UKF21,Leicester,UKF2,"Leicestershire, Rutland and Northamptonshire",UKF,East Midlands (England),390
E07000129,Blaby,E07000129,Blaby,UKF22,Leicestershire CC and Rutland,UKF2,"Leicestershire, Rutland and Northamptonshire",UKF,East Midlands (England),391
E07000133,Melton,E07000133,Melton,UKF22,Leicestershire CC and Rutland,UKF2,"Leicestershire, Rutland and Northamptonshire",UKF,East Midlands (England),392
E06000017,Rutland,E06000017,Rutland,UKF22,Leicestershire CC and Rutland,UKF2,"Leicestershire, Rutland and Northamptonshire",UKF,East Midlands (England),393
E07000130,Charnwood,E07000130,Charnwood,UKF22,Leicestershire CC and Rutland,UKF2,"Leicestershire, Rutland and Northamptonshire",UKF,East Midlands (England),394
E07000131,Harborough,E07000131,Harborough,UKF22,Leicestershire CC and Rutland,UKF2,"Leicestershire, Rutland and Northamptonshire",UKF,East Midlands (England),395
E07000135,Oadby and Wigston,E07000135,Oadby and Wigston,UKF22,Leicestershire CC and Rutland,UKF2,"Leicestershire, Rutland and Northamptonshire",UKF,East Midlands (England),396
E07000132,Hinckley and Bosworth,E07000132,Hinckley and Bosworth,UKF22,Leicestershire CC and Rutland,UKF2,"Leicestershire, Rutland and Northamptonshire",UKF,East Midlands (England),397
E07000134,North West Leicestershire,E07000134,North West Leicestershire,UKF22,Leicestershire CC and Rutland,UKF2,"Leicestershire, Rutland and Northamptonshire",UKF,East Midlands (England),398
E07000151,Daventry,E07000151,Daventry,UKF24,West Northamptonshire,UKF2,"Leicestershire, Rutland and Northamptonshire",UKF,East Midlands (England),399
E07000154,Northampton,E07000154,Northampton,UKF24,West Northamptonshire,UKF2,"Leicestershire, Rutland and Northamptonshire",UKF,East Midlands (England),400
